STATE,Metric_name,Priority
AK,Compliance & Regulatory Training,1
AK,Scans & Submissions: Document Accuracy,2
AK,Scans & Submissions: Missed Document,3
AK,CII Check-In Timeliness,4
AK,CIII-V & PSE Check-In Timeliness,5
AK,Carry Over %,6
AK,CII State Count Completed Late,7
AK,TempAlert Twice Daily Checklist Completion,8
AK,Inmar Returns,9
AK,Zipline,10
AK,BOP Settlement Agreements,11
AK,BOP iCAP Archer Warnings,12
AK,BOP Violations,13
AK,Submitted DEA 106/107,14
AK,Day 14 Returns,15
AK,Production Accuracy Scan,16
AK,Rx StrongPak Compliance,17
AK,IMZ e-Kit Compliance,18
AK,Cycle Count,19
AK,Zipline,20
AK,Prescription Elements,21
AK,Late Unreconciled Count Completion,22
AK,Late Ins,23
AK,Drug Disposal Documentation,24
AL,Compliance & Regulatory Training,1
AL,Scans & Submissions: Document Accuracy,2
AL,Scans & Submissions: Missed Document,3
AL,CII Check-In Timeliness,4
AL,CIII-V & PSE Check-In Timeliness,5
AL,Carry Over %,6
AL,CII State Count Completed Late,7
AL,TempAlert Twice Daily Checklist Completion,8
AL,Inmar Returns,9
AL,Zipline,10
AL,BOP Settlement Agreements,11
AL,BOP iCAP Archer Warnings,12
AL,BOP Violations,13
AL,Submitted DEA 106/107,14
AL,Day 14 Returns,15
AL,Production Accuracy Scan,16
AL,Rx StrongPak Compliance,17
AL,IMZ e-Kit Compliance,18
AL,Cycle Count,19
AL,Zipline,20
AL,Prescription Elements,21
AL,Late Unreconciled Count Completion,22
AL,Late Ins,23
AL,Drug Disposal Documentation,24
AR,Compliance & Regulatory Training,1
AR,Scans & Submissions: Document Accuracy,2
AR,Scans & Submissions: Missed Document,3
AR,CII Check-In Timeliness,4
AR,CIII-V & PSE Check-In Timeliness,5
AR,Carry Over %,6
AR,CII State Count Completed Late,7
AR,TempAlert Twice Daily Checklist Completion,8
AR,Inmar Returns,9
AR,Zipline,10
AR,BOP Settlement Agreements,11
AR,BOP iCAP Archer Warnings,12
AR,BOP Violations,13
AR,Submitted DEA 106/107,14
AR,Day 14 Returns,15
AR,Production Accuracy Scan,16
AR,Rx StrongPak Compliance,17
AR,IMZ e-Kit Compliance,18
AR,Cycle Count,19
AR,Zipline,20
AR,Prescription Elements,21
AR,Late Unreconciled Count Completion,22
AR,Late Ins,23
AR,Drug Disposal Documentation,24
AZ,Inmar Returns,1
AZ,Compliance & Regulatory Training,2
AZ,Scans & Submissions: Document Accuracy,3
AZ,Scans & Submissions: Missed Document,4
AZ,CII Check-In Timeliness,5
AZ,CIII-V & PSE Check-In Timeliness,6
AZ,Carry Over %,7
AZ,CII State Count Completed Late,8
AZ,TempAlert Twice Daily Checklist Completion,9
AZ,Zipline,10
AZ,BOP Settlement Agreements,11
AZ,BOP iCAP Archer Warnings,12
AZ,BOP Violations,13
AZ,Submitted DEA 106/107,14
AZ,Day 14 Returns,15
AZ,Production Accuracy Scan,16
AZ,Rx StrongPak Compliance,17
AZ,IMZ e-Kit Compliance,18
AZ,Cycle Count,19
AZ,Zipline,20
AZ,Prescription Elements,21
AZ,Late Unreconciled Count Completion,22
AZ,Late Ins,23
AZ,Drug Disposal Documentation,24
CA,Carry Over %,1
CA,Schedule Adherence,2
CA,Compliance & Regulatory Training,3
CA,Scans & Submissions: Document Accuracy,4
CA,Scans & Submissions: Missed Document,5
CA,CII Check-In Timeliness,6
CA,CIII-V & PSE Check-In Timeliness,7
CA,CII State Count Completed Late,8
CA,TempAlert Twice Daily Checklist Completion,9
CA,Inmar Returns,10
CA,BOP Settlement Agreements,11
CA,BOP iCAP Archer Warnings,12
CA,BOP Violations,13
CA,Submitted DEA 106/107,14
CA,Day 14 Returns,15
CA,Production Accuracy Scan,16
CA,Rx StrongPak Compliance,17
CA,IMZ e-Kit Compliance,18
CA,Cycle Count,19
CA,Zipline,20
CA,Prescription Elements,21
CA,Late Unreconciled Count Completion,22
CA,Late Ins,23
CA,Drug Disposal Documentation,24
CO,Compliance & Regulatory Training,1
CO,Scans & Submissions: Document Accuracy,2
CO,Scans & Submissions: Missed Document,3
CO,CII Check-In Timeliness,4
CO,CIII-V & PSE Check-In Timeliness,5
CO,Carry Over %,6
CO,CII State Count Completed Late,7
CO,TempAlert Twice Daily Checklist Completion,8
CO,Inmar Returns,9
CO,Zipline,10
CO,BOP Settlement Agreements,11
CO,BOP iCAP Archer Warnings,12
CO,BOP Violations,13
CO,Submitted DEA 106/107,14
CO,Day 14 Returns,15
CO,Production Accuracy Scan,16
CO,Rx StrongPak Compliance,17
CO,IMZ e-Kit Compliance,18
CO,Cycle Count,19
CO,Zipline,20
CO,Prescription Elements,21
CO,Late Unreconciled Count Completion,22
CO,Late Ins,23
CO,Drug Disposal Documentation,24
CT,Compliance & Regulatory Training,1
CT,Scans & Submissions: Document Accuracy,2
CT,Scans & Submissions: Missed Document,3
CT,CII Check-In Timeliness,4
CT,CIII-V & PSE Check-In Timeliness,5
CT,Carry Over %,6
CT,CII State Count Completed Late,7
CT,TempAlert Twice Daily Checklist Completion,8
CT,Inmar Returns,9
CT,Zipline,10
CT,BOP Settlement Agreements,11
CT,BOP iCAP Archer Warnings,12
CT,BOP Violations,13
CT,Submitted DEA 106/107,14
CT,Day 14 Returns,15
CT,Production Accuracy Scan,16
CT,Rx StrongPak Compliance,17
CT,IMZ e-Kit Compliance,18
CT,Cycle Count,19
CT,Zipline,20
CT,Prescription Elements,21
CT,Late Unreconciled Count Completion,22
CT,Late Ins,23
CT,Drug Disposal Documentation,24
DC,Inmar Returns,1
DC,Compliance & Regulatory Training,2
DC,Scans & Submissions: Document Accuracy,3
DC,Scans & Submissions: Missed Document,4
DC,CII Check-In Timeliness,5
DC,CIII-V & PSE Check-In Timeliness,6
DC,Carry Over %,7
DC,CII State Count Completed Late,8
DC,TempAlert Twice Daily Checklist Completion,9
DC,Zipline,10
DC,BOP Settlement Agreements,11
DC,BOP iCAP Archer Warnings,12
DC,BOP Violations,13
DC,Submitted DEA 106/107,14
DC,Day 14 Returns,15
DC,Production Accuracy Scan,16
DC,Rx StrongPak Compliance,17
DC,IMZ e-Kit Compliance,18
DC,Cycle Count,19
DC,Zipline,20
DC,Prescription Elements,21
DC,Late Unreconciled Count Completion,22
DC,Late Ins,23
DC,Drug Disposal Documentation,24
DE,Compliance & Regulatory Training,1
DE,Scans & Submissions: Document Accuracy,2
DE,Scans & Submissions: Missed Document,3
DE,CII Check-In Timeliness,4
DE,CIII-V & PSE Check-In Timeliness,5
DE,Carry Over %,6
DE,CII State Count Completed Late,7
DE,TempAlert Twice Daily Checklist Completion,8
DE,Inmar Returns,9
DE,Zipline,10
DE,BOP Settlement Agreements,11
DE,BOP iCAP Archer Warnings,12
DE,BOP Violations,13
DE,Submitted DEA 106/107,14
DE,Day 14 Returns,15
DE,Production Accuracy Scan,16
DE,Rx StrongPak Compliance,17
DE,IMZ e-Kit Compliance,18
DE,Cycle Count,19
DE,Zipline,20
DE,Prescription Elements,21
DE,Late Unreconciled Count Completion,22
DE,Late Ins,23
DE,Drug Disposal Documentation,24
FL,Inmar Returns,1
FL,Compliance & Regulatory Training,2
FL,Scans & Submissions: Document Accuracy,3
FL,Scans & Submissions: Missed Document,4
FL,CII Check-In Timeliness,5
FL,CIII-V & PSE Check-In Timeliness,6
FL,Carry Over %,7
FL,CII State Count Completed Late,8
FL,TempAlert Twice Daily Checklist Completion,9
FL,Zipline,10
FL,BOP Settlement Agreements,11
FL,BOP iCAP Archer Warnings,12
FL,BOP Violations,13
FL,Submitted DEA 106/107,14
FL,Day 14 Returns,15
FL,Production Accuracy Scan,16
FL,Rx StrongPak Compliance,17
FL,IMZ e-Kit Compliance,18
FL,Cycle Count,19
FL,Zipline,20
FL,Prescription Elements,21
FL,Late Unreconciled Count Completion,22
FL,Late Ins,23
FL,Drug Disposal Documentation,24
GA,Scans & Submissions: Document Accuracy,1
GA,Scans & Submissions: Missed Document,2
GA,Compliance & Regulatory Training,3
GA,CII Check-In Timeliness,4
GA,CIII-V & PSE Check-In Timeliness,5
GA,Carry Over %,6
GA,CII State Count Completed Late,7
GA,TempAlert Twice Daily Checklist Completion,8
GA,Inmar Returns,9
GA,Zipline,10
GA,BOP Settlement Agreements,11
GA,BOP iCAP Archer Warnings,12
GA,BOP Violations,13
GA,Submitted DEA 106/107,14
GA,Day 14 Returns,15
GA,Production Accuracy Scan,16
GA,Rx StrongPak Compliance,17
GA,IMZ e-Kit Compliance,18
GA,Cycle Count,19
GA,Zipline,20
GA,Prescription Elements,21
GA,Late Unreconciled Count Completion,22
GA,Late Ins,23
GA,Drug Disposal Documentation,24
HI,Compliance & Regulatory Training,1
HI,Scans & Submissions: Document Accuracy,2
HI,Scans & Submissions: Missed Document,3
HI,CII Check-In Timeliness,4
HI,CIII-V & PSE Check-In Timeliness,5
HI,Carry Over %,6
HI,CII State Count Completed Late,7
HI,TempAlert Twice Daily Checklist Completion,8
HI,Inmar Returns,9
HI,Zipline,10
HI,BOP Settlement Agreements,11
HI,BOP iCAP Archer Warnings,12
HI,BOP Violations,13
HI,Submitted DEA 106/107,14
HI,Day 14 Returns,15
HI,Production Accuracy Scan,16
HI,Rx StrongPak Compliance,17
HI,IMZ e-Kit Compliance,18
HI,Cycle Count,19
HI,Zipline,20
HI,Prescription Elements,21
HI,Late Unreconciled Count Completion,22
HI,Late Ins,23
HI,Drug Disposal Documentation,24
IA,Carry Over %,1
IA,Schedule Adherence,2
IA,Compliance & Regulatory Training,3
IA,Scans & Submissions: Document Accuracy,4
IA,Scans & Submissions: Missed Document,5
IA,CII Check-In Timeliness,6
IA,CIII-V & PSE Check-In Timeliness,7
IA,CII State Count Completed Late,8
IA,TempAlert Twice Daily Checklist Completion,9
IA,Inmar Returns,10
IA,BOP Settlement Agreements,11
IA,BOP iCAP Archer Warnings,12
IA,BOP Violations,13
IA,Submitted DEA 106/107,14
IA,Day 14 Returns,15
IA,Production Accuracy Scan,16
IA,Rx StrongPak Compliance,17
IA,IMZ e-Kit Compliance,18
IA,Cycle Count,19
IA,Zipline,20
IA,Prescription Elements,21
IA,Late Unreconciled Count Completion,22
IA,Late Ins,23
IA,Drug Disposal Documentation,24
ID,Compliance & Regulatory Training,1
ID,Scans & Submissions: Document Accuracy,2
ID,Scans & Submissions: Missed Document,3
ID,CII Check-In Timeliness,4
ID,CIII-V & PSE Check-In Timeliness,5
ID,Carry Over %,6
ID,CII State Count Completed Late,7
ID,TempAlert Twice Daily Checklist Completion,8
ID,Inmar Returns,9
ID,Zipline,10
ID,BOP Settlement Agreements,11
ID,BOP iCAP Archer Warnings,12
ID,BOP Violations,13
ID,Submitted DEA 106/107,14
ID,Day 14 Returns,15
ID,Production Accuracy Scan,16
ID,Rx StrongPak Compliance,17
ID,IMZ e-Kit Compliance,18
ID,Cycle Count,19
ID,Zipline,20
ID,Prescription Elements,21
ID,Late Unreconciled Count Completion,22
ID,Late Ins,23
ID,Drug Disposal Documentation,24
IL,Compliance & Regulatory Training,1
IL,Scans & Submissions: Document Accuracy,2
IL,Scans & Submissions: Missed Document,3
IL,CII Check-In Timeliness,4
IL,CIII-V & PSE Check-In Timeliness,5
IL,Carry Over %,6
IL,CII State Count Completed Late,7
IL,TempAlert Twice Daily Checklist Completion,8
IL,Inmar Returns,9
IL,Zipline,10
IL,BOP Settlement Agreements,11
IL,BOP iCAP Archer Warnings,12
IL,BOP Violations,13
IL,Submitted DEA 106/107,14
IL,Day 14 Returns,15
IL,Production Accuracy Scan,16
IL,Rx StrongPak Compliance,17
IL,IMZ e-Kit Compliance,18
IL,Cycle Count,19
IL,Zipline,20
IL,Prescription Elements,21
IL,Late Unreconciled Count Completion,22
IL,Late Ins,23
IL,Drug Disposal Documentation,24
IN,Compliance & Regulatory Training,1
IN,Scans & Submissions: Document Accuracy,2
IN,Scans & Submissions: Missed Document,3
IN,CII Check-In Timeliness,4
IN,CIII-V & PSE Check-In Timeliness,5
IN,Carry Over %,6
IN,CII State Count Completed Late,7
IN,TempAlert Twice Daily Checklist Completion,8
IN,Inmar Returns,9
IN,Zipline,10
IN,BOP Settlement Agreements,11
IN,BOP iCAP Archer Warnings,12
IN,BOP Violations,13
IN,Submitted DEA 106/107,14
IN,Day 14 Returns,15
IN,Production Accuracy Scan,16
IN,Rx StrongPak Compliance,17
IN,IMZ e-Kit Compliance,18
IN,Cycle Count,19
IN,Zipline,20
IN,Prescription Elements,21
IN,Late Unreconciled Count Completion,22
IN,Late Ins,23
IN,Drug Disposal Documentation,24
KS,Scans & Submissions: Document Accuracy,1
KS,Scans & Submissions: Missed Document,2
KS,Compliance & Regulatory Training,3
KS,CII Check-In Timeliness,4
KS,CIII-V & PSE Check-In Timeliness,5
KS,Carry Over %,6
KS,CII State Count Completed Late,7
KS,TempAlert Twice Daily Checklist Completion,8
KS,Inmar Returns,9
KS,Zipline,10
KS,BOP Settlement Agreements,11
KS,BOP iCAP Archer Warnings,12
KS,BOP Violations,13
KS,Submitted DEA 106/107,14
KS,Day 14 Returns,15
KS,Production Accuracy Scan,16
KS,Rx StrongPak Compliance,17
KS,IMZ e-Kit Compliance,18
KS,Cycle Count,19
KS,Zipline,20
KS,Prescription Elements,21
KS,Late Unreconciled Count Completion,22
KS,Late Ins,23
KS,Drug Disposal Documentation,24
KY,Compliance & Regulatory Training,1
KY,Scans & Submissions: Document Accuracy,2
KY,Scans & Submissions: Missed Document,3
KY,CII Check-In Timeliness,4
KY,CIII-V & PSE Check-In Timeliness,5
KY,Carry Over %,6
KY,CII State Count Completed Late,7
KY,TempAlert Twice Daily Checklist Completion,8
KY,Inmar Returns,9
KY,Zipline,10
KY,BOP Settlement Agreements,11
KY,BOP iCAP Archer Warnings,12
KY,BOP Violations,13
KY,Submitted DEA 106/107,14
KY,Day 14 Returns,15
KY,Production Accuracy Scan,16
KY,Rx StrongPak Compliance,17
KY,IMZ e-Kit Compliance,18
KY,Cycle Count,19
KY,Zipline,20
KY,Prescription Elements,21
KY,Late Unreconciled Count Completion,22
KY,Late Ins,23
KY,Drug Disposal Documentation,24
LA,Inmar Returns,1
LA,Compliance & Regulatory Training,2
LA,Scans & Submissions: Document Accuracy,3
LA,Scans & Submissions: Missed Document,4
LA,CII Check-In Timeliness,5
LA,CIII-V & PSE Check-In Timeliness,6
LA,Carry Over %,7
LA,CII State Count Completed Late,8
LA,TempAlert Twice Daily Checklist Completion,9
LA,Zipline,10
LA,BOP Settlement Agreements,11
LA,BOP iCAP Archer Warnings,12
LA,BOP Violations,13
LA,Submitted DEA 106/107,14
LA,Day 14 Returns,15
LA,Production Accuracy Scan,16
LA,Rx StrongPak Compliance,17
LA,IMZ e-Kit Compliance,18
LA,Cycle Count,19
LA,Zipline,20
LA,Prescription Elements,21
LA,Late Unreconciled Count Completion,22
LA,Late Ins,23
LA,Drug Disposal Documentation,24
MA,Compliance & Regulatory Training,1
MA,Scans & Submissions: Document Accuracy,2
MA,Scans & Submissions: Missed Document,3
MA,CII Check-In Timeliness,4
MA,CIII-V & PSE Check-In Timeliness,5
MA,Carry Over %,6
MA,CII State Count Completed Late,7
MA,TempAlert Twice Daily Checklist Completion,8
MA,Inmar Returns,9
MA,Zipline,10
MA,BOP Settlement Agreements,11
MA,BOP iCAP Archer Warnings,12
MA,BOP Violations,13
MA,Submitted DEA 106/107,14
MA,Day 14 Returns,15
MA,Production Accuracy Scan,16
MA,Rx StrongPak Compliance,17
MA,IMZ e-Kit Compliance,18
MA,Cycle Count,19
MA,Zipline,20
MA,Prescription Elements,21
MA,Late Unreconciled Count Completion,22
MA,Late Ins,23
MA,Drug Disposal Documentation,24
MD,Compliance & Regulatory Training,1
MD,Scans & Submissions: Document Accuracy,2
MD,Scans & Submissions: Missed Document,3
MD,CII Check-In Timeliness,4
MD,CIII-V & PSE Check-In Timeliness,5
MD,Carry Over %,6
MD,CII State Count Completed Late,7
MD,TempAlert Twice Daily Checklist Completion,8
MD,Inmar Returns,9
MD,Zipline,10
MD,BOP Settlement Agreements,11
MD,BOP iCAP Archer Warnings,12
MD,BOP Violations,13
MD,Submitted DEA 106/107,14
MD,Day 14 Returns,15
MD,Production Accuracy Scan,16
MD,Rx StrongPak Compliance,17
MD,IMZ e-Kit Compliance,18
MD,Cycle Count,19
MD,Zipline,20
MD,Prescription Elements,21
MD,Late Unreconciled Count Completion,22
MD,Late Ins,23
MD,Drug Disposal Documentation,24
ME,Compliance & Regulatory Training,1
ME,Scans & Submissions: Document Accuracy,2
ME,Scans & Submissions: Missed Document,3
ME,CII Check-In Timeliness,4
ME,CIII-V & PSE Check-In Timeliness,5
ME,Carry Over %,6
ME,CII State Count Completed Late,7
ME,TempAlert Twice Daily Checklist Completion,8
ME,Inmar Returns,9
ME,Zipline,10
ME,BOP Settlement Agreements,11
ME,BOP iCAP Archer Warnings,12
ME,BOP Violations,13
ME,Submitted DEA 106/107,14
ME,Day 14 Returns,15
ME,Production Accuracy Scan,16
ME,Rx StrongPak Compliance,17
ME,IMZ e-Kit Compliance,18
ME,Cycle Count,19
ME,Zipline,20
ME,Prescription Elements,21
ME,Late Unreconciled Count Completion,22
ME,Late Ins,23
ME,Drug Disposal Documentation,24
MI,Compliance & Regulatory Training,1
MI,Scans & Submissions: Document Accuracy,2
MI,Scans & Submissions: Missed Document,3
MI,CII Check-In Timeliness,4
MI,CIII-V & PSE Check-In Timeliness,5
MI,Carry Over %,6
MI,CII State Count Completed Late,7
MI,TempAlert Twice Daily Checklist Completion,8
MI,Inmar Returns,9
MI,Zipline,10
MI,BOP Settlement Agreements,11
MI,BOP iCAP Archer Warnings,12
MI,BOP Violations,13
MI,Submitted DEA 106/107,14
MI,Day 14 Returns,15
MI,Production Accuracy Scan,16
MI,Rx StrongPak Compliance,17
MI,IMZ e-Kit Compliance,18
MI,Cycle Count,19
MI,Zipline,20
MI,Prescription Elements,21
MI,Late Unreconciled Count Completion,22
MI,Late Ins,23
MI,Drug Disposal Documentation,24
MN,Compliance & Regulatory Training,1
MN,Scans & Submissions: Document Accuracy,2
MN,Scans & Submissions: Missed Document,3
MN,CII Check-In Timeliness,4
MN,CIII-V & PSE Check-In Timeliness,5
MN,Carry Over %,6
MN,CII State Count Completed Late,7
MN,TempAlert Twice Daily Checklist Completion,8
MN,Inmar Returns,9
MN,Zipline,10
MN,BOP Settlement Agreements,11
MN,BOP iCAP Archer Warnings,12
MN,BOP Violations,13
MN,Submitted DEA 106/107,14
MN,Day 14 Returns,15
MN,Production Accuracy Scan,16
MN,Rx StrongPak Compliance,17
MN,IMZ e-Kit Compliance,18
MN,Cycle Count,19
MN,Zipline,20
MN,Prescription Elements,21
MN,Late Unreconciled Count Completion,22
MN,Late Ins,23
MN,Drug Disposal Documentation,24
MO,Inmar Returns,1
MO,Compliance & Regulatory Training,2
MO,Scans & Submissions: Document Accuracy,3
MO,Scans & Submissions: Missed Document,4
MO,CII Check-In Timeliness,5
MO,CIII-V & PSE Check-In Timeliness,6
MO,Carry Over %,7
MO,CII State Count Completed Late,8
MO,TempAlert Twice Daily Checklist Completion,9
MO,Zipline,10
MO,BOP Settlement Agreements,11
MO,BOP iCAP Archer Warnings,12
MO,BOP Violations,13
MO,Submitted DEA 106/107,14
MO,Day 14 Returns,15
MO,Production Accuracy Scan,16
MO,Rx StrongPak Compliance,17
MO,IMZ e-Kit Compliance,18
MO,Cycle Count,19
MO,Zipline,20
MO,Prescription Elements,21
MO,Late Unreconciled Count Completion,22
MO,Late Ins,23
MO,Drug Disposal Documentation,24
MS,Compliance & Regulatory Training,1
MS,Scans & Submissions: Document Accuracy,2
MS,Scans & Submissions: Missed Document,3
MS,CII Check-In Timeliness,4
MS,CIII-V & PSE Check-In Timeliness,5
MS,Carry Over %,6
MS,CII State Count Completed Late,7
MS,TempAlert Twice Daily Checklist Completion,8
MS,Inmar Returns,9
MS,Zipline,10
MS,BOP Settlement Agreements,11
MS,BOP iCAP Archer Warnings,12
MS,BOP Violations,13
MS,Submitted DEA 106/107,14
MS,Day 14 Returns,15
MS,Production Accuracy Scan,16
MS,Rx StrongPak Compliance,17
MS,IMZ e-Kit Compliance,18
MS,Cycle Count,19
MS,Zipline,20
MS,Prescription Elements,21
MS,Late Unreconciled Count Completion,22
MS,Late Ins,23
MS,Drug Disposal Documentation,24
MT,Compliance & Regulatory Training,1
MT,Scans & Submissions: Document Accuracy,2
MT,Scans & Submissions: Missed Document,3
MT,CII Check-In Timeliness,4
MT,CIII-V & PSE Check-In Timeliness,5
MT,Carry Over %,6
MT,CII State Count Completed Late,7
MT,TempAlert Twice Daily Checklist Completion,8
MT,Inmar Returns,9
MT,Zipline,10
MT,BOP Settlement Agreements,11
MT,BOP iCAP Archer Warnings,12
MT,BOP Violations,13
MT,Submitted DEA 106/107,14
MT,Day 14 Returns,15
MT,Production Accuracy Scan,16
MT,Rx StrongPak Compliance,17
MT,IMZ e-Kit Compliance,18
MT,Cycle Count,19
MT,Zipline,20
MT,Prescription Elements,21
MT,Late Unreconciled Count Completion,22
MT,Late Ins,23
MT,Drug Disposal Documentation,24
NC,Carry Over %,1
NC,Schedule Adherence,2
NC,Inmar Returns,3
NC,Compliance & Regulatory Training,4
NC,Scans & Submissions: Document Accuracy,5
NC,Scans & Submissions: Missed Document,6
NC,CII Check-In Timeliness,7
NC,CIII-V & PSE Check-In Timeliness,8
NC,CII State Count Completed Late,9
NC,TempAlert Twice Daily Checklist Completion,10
NC,BOP Settlement Agreements,11
NC,BOP iCAP Archer Warnings,12
NC,BOP Violations,13
NC,Submitted DEA 106/107,14
NC,Day 14 Returns,15
NC,Production Accuracy Scan,16
NC,Rx StrongPak Compliance,17
NC,IMZ e-Kit Compliance,18
NC,Cycle Count,19
NC,Zipline,20
NC,Prescription Elements,21
NC,Late Unreconciled Count Completion,22
NC,Late Ins,23
NC,Drug Disposal Documentation,24
ND,Compliance & Regulatory Training,1
ND,Scans & Submissions: Document Accuracy,2
ND,Scans & Submissions: Missed Document,3
ND,CII Check-In Timeliness,4
ND,CIII-V & PSE Check-In Timeliness,5
ND,Carry Over %,6
ND,CII State Count Completed Late,7
ND,TempAlert Twice Daily Checklist Completion,8
ND,Inmar Returns,9
ND,Zipline,10
ND,BOP Settlement Agreements,11
ND,BOP iCAP Archer Warnings,12
ND,BOP Violations,13
ND,Submitted DEA 106/107,14
ND,Day 14 Returns,15
ND,Production Accuracy Scan,16
ND,Rx StrongPak Compliance,17
ND,IMZ e-Kit Compliance,18
ND,Cycle Count,19
ND,Zipline,20
ND,Prescription Elements,21
ND,Late Unreconciled Count Completion,22
ND,Late Ins,23
ND,Drug Disposal Documentation,24
NE,Compliance & Regulatory Training,1
NE,Scans & Submissions: Document Accuracy,2
NE,Scans & Submissions: Missed Document,3
NE,CII Check-In Timeliness,4
NE,CIII-V & PSE Check-In Timeliness,5
NE,Carry Over %,6
NE,CII State Count Completed Late,7
NE,TempAlert Twice Daily Checklist Completion,8
NE,Inmar Returns,9
NE,Zipline,10
NE,BOP Settlement Agreements,11
NE,BOP iCAP Archer Warnings,12
NE,BOP Violations,13
NE,Submitted DEA 106/107,14
NE,Day 14 Returns,15
NE,Production Accuracy Scan,16
NE,Rx StrongPak Compliance,17
NE,IMZ e-Kit Compliance,18
NE,Cycle Count,19
NE,Zipline,20
NE,Prescription Elements,21
NE,Late Unreconciled Count Completion,22
NE,Late Ins,23
NE,Drug Disposal Documentation,24
NH,Compliance & Regulatory Training,1
NH,Scans & Submissions: Document Accuracy,2
NH,Scans & Submissions: Missed Document,3
NH,CII Check-In Timeliness,4
NH,CIII-V & PSE Check-In Timeliness,5
NH,Carry Over %,6
NH,CII State Count Completed Late,7
NH,TempAlert Twice Daily Checklist Completion,8
NH,Inmar Returns,9
NH,Zipline,10
NH,BOP Settlement Agreements,11
NH,BOP iCAP Archer Warnings,12
NH,BOP Violations,13
NH,Submitted DEA 106/107,14
NH,Day 14 Returns,15
NH,Production Accuracy Scan,16
NH,Rx StrongPak Compliance,17
NH,IMZ e-Kit Compliance,18
NH,Cycle Count,19
NH,Zipline,20
NH,Prescription Elements,21
NH,Late Unreconciled Count Completion,22
NH,Late Ins,23
NH,Drug Disposal Documentation,24
NJ,TempAlert Twice Daily Checklist Completion,1
NJ,Compliance & Regulatory Training,2
NJ,Scans & Submissions: Document Accuracy,3
NJ,Scans & Submissions: Missed Document,4
NJ,CII Check-In Timeliness,5
NJ,CIII-V & PSE Check-In Timeliness,6
NJ,Carry Over %,7
NJ,CII State Count Completed Late,8
NJ,Inmar Returns,9
NJ,Zipline,10
NJ,BOP Settlement Agreements,11
NJ,BOP iCAP Archer Warnings,12
NJ,BOP Violations,13
NJ,Submitted DEA 106/107,14
NJ,Day 14 Returns,15
NJ,Production Accuracy Scan,16
NJ,Rx StrongPak Compliance,17
NJ,IMZ e-Kit Compliance,18
NJ,Cycle Count,19
NJ,Zipline,20
NJ,Prescription Elements,21
NJ,Late Unreconciled Count Completion,22
NJ,Late Ins,23
NJ,Drug Disposal Documentation,24
NJ,Compliance & Regulatory Training,1
NJ,Scans & Submissions: Document Accuracy,2
NJ,Scans & Submissions: Missed Document,3
NJ,CII Check-In Timeliness,4
NJ,CIII-V & PSE Check-In Timeliness,5
NJ,Carry Over %,6
NJ,CII State Count Completed Late,7
NJ,TempAlert Twice Daily Checklist Completion,8
NJ,Inmar Returns,9
NJ,Zipline,10
NJ,BOP Settlement Agreements,11
NJ,BOP iCAP Archer Warnings,12
NJ,BOP Violations,13
NJ,Submitted DEA 106/107,14
NJ,Day 14 Returns,15
NJ,Production Accuracy Scan,16
NJ,Rx StrongPak Compliance,17
NJ,IMZ e-Kit Compliance,18
NJ,Cycle Count,19
NJ,Zipline,20
NJ,Prescription Elements,21
NJ,Late Unreconciled Count Completion,22
NJ,Late Ins,23
NJ,Drug Disposal Documentation,24
NM,Compliance & Regulatory Training,1
NM,Scans & Submissions: Document Accuracy,2
NM,Scans & Submissions: Missed Document,3
NM,CII Check-In Timeliness,4
NM,CIII-V & PSE Check-In Timeliness,5
NM,Carry Over %,6
NM,CII State Count Completed Late,7
NM,TempAlert Twice Daily Checklist Completion,8
NM,Inmar Returns,9
NM,Zipline,10
NM,BOP Settlement Agreements,11
NM,BOP iCAP Archer Warnings,12
NM,BOP Violations,13
NM,Submitted DEA 106/107,14
NM,Day 14 Returns,15
NM,Production Accuracy Scan,16
NM,Rx StrongPak Compliance,17
NM,IMZ e-Kit Compliance,18
NM,Cycle Count,19
NM,Zipline,20
NM,Prescription Elements,21
NM,Late Unreconciled Count Completion,22
NM,Late Ins,23
NM,Drug Disposal Documentation,24
NV,Inmar Returns,1
NV,Compliance & Regulatory Training,2
NV,Scans & Submissions: Document Accuracy,3
NV,Scans & Submissions: Missed Document,4
NV,CII Check-In Timeliness,5
NV,CIII-V & PSE Check-In Timeliness,6
NV,Carry Over %,7
NV,CII State Count Completed Late,8
NV,TempAlert Twice Daily Checklist Completion,9
NV,Zipline,10
NV,BOP Settlement Agreements,11
NV,BOP iCAP Archer Warnings,12
NV,BOP Violations,13
NV,Submitted DEA 106/107,14
NV,Day 14 Returns,15
NV,Production Accuracy Scan,16
NV,Rx StrongPak Compliance,17
NV,IMZ e-Kit Compliance,18
NV,Cycle Count,19
NV,Zipline,20
NV,Prescription Elements,21
NV,Late Unreconciled Count Completion,22
NV,Late Ins,23
NV,Drug Disposal Documentation,24
NY,CII State Count Completed Late,1
NY,Submitted DEA 106/107,2
NY,Late Unreconciled Count Completion,3
NY,Late Ins,4
NY,Compliance & Regulatory Training,5
NY,Scans & Submissions: Document Accuracy,6
NY,Scans & Submissions: Missed Document,7
NY,CII Check-In Timeliness,8
NY,CIII-V & PSE Check-In Timeliness,9
NY,Carry Over %,10
NY,TempAlert Twice Daily Checklist Completion,11
NY,Inmar Returns,12
NY,Zipline,13
NY,BOP Settlement Agreements,14
NY,BOP iCAP Archer Warnings,15
NY,BOP Violations,16
NY,Day 14 Returns,17
NY,Production Accuracy Scan,18
NY,Rx StrongPak Compliance,19
NY,IMZ e-Kit Compliance,20
NY,Cycle Count,21
NY,Zipline,22
NY,Prescription Elements,23
NY,Drug Disposal Documentation,24
OH,CII State Count Completed Late,1
OH,Submitted DEA 106/107,2
OH,Late Unreconciled Count Completion,3
OH,Late Ins,4
OH,Compliance & Regulatory Training,5
OH,Scans & Submissions: Document Accuracy,6
OH,Scans & Submissions: Missed Document,7
OH,CII Check-In Timeliness,8
OH,CIII-V & PSE Check-In Timeliness,9
OH,Carry Over %,10
OH,TempAlert Twice Daily Checklist Completion,11
OH,Inmar Returns,12
OH,Zipline,13
OH,BOP Settlement Agreements,14
OH,BOP iCAP Archer Warnings,15
OH,BOP Violations,16
OH,Day 14 Returns,17
OH,Production Accuracy Scan,18
OH,Rx StrongPak Compliance,19
OH,IMZ e-Kit Compliance,20
OH,Cycle Count,21
OH,Zipline,22
OH,Prescription Elements,23
OH,Drug Disposal Documentation,24
OK,Compliance & Regulatory Training,1
OK,Scans & Submissions: Document Accuracy,2
OK,Scans & Submissions: Missed Document,3
OK,CII Check-In Timeliness,4
OK,CIII-V & PSE Check-In Timeliness,5
OK,Carry Over %,6
OK,CII State Count Completed Late,7
OK,TempAlert Twice Daily Checklist Completion,8
OK,Inmar Returns,9
OK,Zipline,10
OK,BOP Settlement Agreements,11
OK,BOP iCAP Archer Warnings,12
OK,BOP Violations,13
OK,Submitted DEA 106/107,14
OK,Day 14 Returns,15
OK,Production Accuracy Scan,16
OK,Rx StrongPak Compliance,17
OK,IMZ e-Kit Compliance,18
OK,Cycle Count,19
OK,Zipline,20
OK,Prescription Elements,21
OK,Late Unreconciled Count Completion,22
OK,Late Ins,23
OK,Drug Disposal Documentation,24
OR,TempAlert Twice Daily Checklist Completion,1
OR,Inmar Returns,2
OR,Carry Over %,3
OR,Compliance & Regulatory Training,4
OR,Scans & Submissions: Document Accuracy,5
OR,Scans & Submissions: Missed Document,6
OR,CII Check-In Timeliness,7
OR,CIII-V & PSE Check-In Timeliness,8
OR,CII State Count Completed Late,9
OR,Zipline,10
OR,BOP Settlement Agreements,11
OR,BOP iCAP Archer Warnings,12
OR,BOP Violations,13
OR,Submitted DEA 106/107,14
OR,Day 14 Returns,15
OR,Production Accuracy Scan,16
OR,Rx StrongPak Compliance,17
OR,IMZ e-Kit Compliance,18
OR,Cycle Count,19
OR,Zipline,20
OR,Prescription Elements,21
OR,Late Unreconciled Count Completion,22
OR,Late Ins,23
OR,Drug Disposal Documentation,24
PA,Inmar Returns,1
PA,Compliance & Regulatory Training,2
PA,Scans & Submissions: Document Accuracy,3
PA,Scans & Submissions: Missed Document,4
PA,CII Check-In Timeliness,5
PA,CIII-V & PSE Check-In Timeliness,6
PA,Carry Over %,7
PA,CII State Count Completed Late,8
PA,TempAlert Twice Daily Checklist Completion,9
PA,Zipline,10
PA,BOP Settlement Agreements,11
PA,BOP iCAP Archer Warnings,12
PA,BOP Violations,13
PA,Submitted DEA 106/107,14
PA,Day 14 Returns,15
PA,Production Accuracy Scan,16
PA,Rx StrongPak Compliance,17
PA,IMZ e-Kit Compliance,18
PA,Cycle Count,19
PA,Zipline,20
PA,Prescription Elements,21
PA,Late Unreconciled Count Completion,22
PA,Late Ins,23
PA,Drug Disposal Documentation,24
RI,Compliance & Regulatory Training,1
RI,Scans & Submissions: Document Accuracy,2
RI,Scans & Submissions: Missed Document,3
RI,CII Check-In Timeliness,4
RI,CIII-V & PSE Check-In Timeliness,5
RI,Carry Over %,6
RI,CII State Count Completed Late,7
RI,TempAlert Twice Daily Checklist Completion,8
RI,Inmar Returns,9
RI,Zipline,10
RI,BOP Settlement Agreements,11
RI,BOP iCAP Archer Warnings,12
RI,BOP Violations,13
RI,Submitted DEA 106/107,14
RI,Day 14 Returns,15
RI,Production Accuracy Scan,16
RI,Rx StrongPak Compliance,17
RI,IMZ e-Kit Compliance,18
RI,Cycle Count,19
RI,Zipline,20
RI,Prescription Elements,21
RI,Late Unreconciled Count Completion,22
RI,Late Ins,23
RI,Drug Disposal Documentation,24
SC,Inmar Returns,1
SC,Compliance & Regulatory Training,2
SC,Scans & Submissions: Document Accuracy,3
SC,Scans & Submissions: Missed Document,4
SC,CII Check-In Timeliness,5
SC,CIII-V & PSE Check-In Timeliness,6
SC,Carry Over %,7
SC,CII State Count Completed Late,8
SC,TempAlert Twice Daily Checklist Completion,9
SC,Zipline,10
SC,BOP Settlement Agreements,11
SC,BOP iCAP Archer Warnings,12
SC,BOP Violations,13
SC,Submitted DEA 106/107,14
SC,Day 14 Returns,15
SC,Production Accuracy Scan,16
SC,Rx StrongPak Compliance,17
SC,IMZ e-Kit Compliance,18
SC,Cycle Count,19
SC,Zipline,20
SC,Prescription Elements,21
SC,Late Unreconciled Count Completion,22
SC,Late Ins,23
SC,Drug Disposal Documentation,24
SD,Compliance & Regulatory Training,1
SD,Scans & Submissions: Document Accuracy,2
SD,Scans & Submissions: Missed Document,3
SD,CII Check-In Timeliness,4
SD,CIII-V & PSE Check-In Timeliness,5
SD,Carry Over %,6
SD,CII State Count Completed Late,7
SD,TempAlert Twice Daily Checklist Completion,8
SD,Inmar Returns,9
SD,Zipline,10
SD,BOP Settlement Agreements,11
SD,BOP iCAP Archer Warnings,12
SD,BOP Violations,13
SD,Submitted DEA 106/107,14
SD,Day 14 Returns,15
SD,Production Accuracy Scan,16
SD,Rx StrongPak Compliance,17
SD,IMZ e-Kit Compliance,18
SD,Cycle Count,19
SD,Zipline,20
SD,Prescription Elements,21
SD,Late Unreconciled Count Completion,22
SD,Late Ins,23
SD,Drug Disposal Documentation,24
TN,Compliance & Regulatory Training,1
TN,Scans & Submissions: Document Accuracy,2
TN,Scans & Submissions: Missed Document,3
TN,CII Check-In Timeliness,4
TN,CIII-V & PSE Check-In Timeliness,5
TN,Carry Over %,6
TN,CII State Count Completed Late,7
TN,TempAlert Twice Daily Checklist Completion,8
TN,Inmar Returns,9
TN,Zipline,10
TN,BOP Settlement Agreements,11
TN,BOP iCAP Archer Warnings,12
TN,BOP Violations,13
TN,Submitted DEA 106/107,14
TN,Day 14 Returns,15
TN,Production Accuracy Scan,16
TN,Rx StrongPak Compliance,17
TN,IMZ e-Kit Compliance,18
TN,Cycle Count,19
TN,Zipline,20
TN,Prescription Elements,21
TN,Late Unreconciled Count Completion,22
TN,Late Ins,23
TN,Drug Disposal Documentation,24
TX,CII State Count Completed Late,1
TX,Submitted DEA 106/107,2
TX,Late Unreconciled Count Completion,3
TX,Late Ins,4
TX,Compliance & Regulatory Training,5
TX,Scans & Submissions: Document Accuracy,6
TX,Scans & Submissions: Missed Document,7
TX,CII Check-In Timeliness,8
TX,CIII-V & PSE Check-In Timeliness,9
TX,Carry Over %,10
TX,TempAlert Twice Daily Checklist Completion,11
TX,Inmar Returns,12
TX,Zipline,13
TX,BOP Settlement Agreements,14
TX,BOP iCAP Archer Warnings,15
TX,BOP Violations,16
TX,Day 14 Returns,17
TX,Production Accuracy Scan,18
TX,Rx StrongPak Compliance,19
TX,IMZ e-Kit Compliance,20
TX,Cycle Count,21
TX,Zipline,22
TX,Prescription Elements,23
TX,Drug Disposal Documentation,24
UT,Compliance & Regulatory Training,1
UT,Scans & Submissions: Document Accuracy,2
UT,Scans & Submissions: Missed Document,3
UT,CII Check-In Timeliness,4
UT,CIII-V & PSE Check-In Timeliness,5
UT,Carry Over %,6
UT,CII State Count Completed Late,7
UT,TempAlert Twice Daily Checklist Completion,8
UT,Inmar Returns,9
UT,Zipline,10
UT,BOP Settlement Agreements,11
UT,BOP iCAP Archer Warnings,12
UT,BOP Violations,13
UT,Submitted DEA 106/107,14
UT,Day 14 Returns,15
UT,Production Accuracy Scan,16
UT,Rx StrongPak Compliance,17
UT,IMZ e-Kit Compliance,18
UT,Cycle Count,19
UT,Zipline,20
UT,Prescription Elements,21
UT,Late Unreconciled Count Completion,22
UT,Late Ins,23
UT,Drug Disposal Documentation,24
VA,Carry Over %,1
VA,Schedule Adherence,2
VA,Compliance & Regulatory Training,3
VA,Scans & Submissions: Document Accuracy,4
VA,Scans & Submissions: Missed Document,5
VA,CII Check-In Timeliness,6
VA,CIII-V & PSE Check-In Timeliness,7
VA,CII State Count Completed Late,8
VA,TempAlert Twice Daily Checklist Completion,9
VA,Inmar Returns,10
VA,BOP Settlement Agreements,11
VA,BOP iCAP Archer Warnings,12
VA,BOP Violations,13
VA,Submitted DEA 106/107,14
VA,Day 14 Returns,15
VA,Production Accuracy Scan,16
VA,Rx StrongPak Compliance,17
VA,IMZ e-Kit Compliance,18
VA,Cycle Count,19
VA,Zipline,20
VA,Prescription Elements,21
VA,Late Unreconciled Count Completion,22
VA,Late Ins,23
VA,Drug Disposal Documentation,24
VT,Compliance & Regulatory Training,1
VT,Scans & Submissions: Document Accuracy,2
VT,Scans & Submissions: Missed Document,3
VT,CII Check-In Timeliness,4
VT,CIII-V & PSE Check-In Timeliness,5
VT,Carry Over %,6
VT,CII State Count Completed Late,7
VT,TempAlert Twice Daily Checklist Completion,8
VT,Inmar Returns,9
VT,Zipline,10
VT,BOP Settlement Agreements,11
VT,BOP iCAP Archer Warnings,12
VT,BOP Violations,13
VT,Submitted DEA 106/107,14
VT,Day 14 Returns,15
VT,Production Accuracy Scan,16
VT,Rx StrongPak Compliance,17
VT,IMZ e-Kit Compliance,18
VT,Cycle Count,19
VT,Zipline,20
VT,Prescription Elements,21
VT,Late Unreconciled Count Completion,22
VT,Late Ins,23
VT,Drug Disposal Documentation,24
WA,Compliance & Regulatory Training,1
WA,Scans & Submissions: Document Accuracy,2
WA,Scans & Submissions: Missed Document,3
WA,CII Check-In Timeliness,4
WA,CIII-V & PSE Check-In Timeliness,5
WA,Carry Over %,6
WA,CII State Count Completed Late,7
WA,TempAlert Twice Daily Checklist Completion,8
WA,Inmar Returns,9
WA,Zipline,10
WA,BOP Settlement Agreements,11
WA,BOP iCAP Archer Warnings,12
WA,BOP Violations,13
WA,Submitted DEA 106/107,14
WA,Day 14 Returns,15
WA,Production Accuracy Scan,16
WA,Rx StrongPak Compliance,17
WA,IMZ e-Kit Compliance,18
WA,Cycle Count,19
WA,Zipline,20
WA,Prescription Elements,21
WA,Late Unreconciled Count Completion,22
WA,Late Ins,23
WA,Drug Disposal Documentation,24
WI,Compliance & Regulatory Training,1
WI,Scans & Submissions: Document Accuracy,2
WI,Scans & Submissions: Missed Document,3
WI,CII Check-In Timeliness,4
WI,CIII-V & PSE Check-In Timeliness,5
WI,Carry Over %,6
WI,CII State Count Completed Late,7
WI,TempAlert Twice Daily Checklist Completion,8
WI,Inmar Returns,9
WI,Zipline,10
WI,BOP Settlement Agreements,11
WI,BOP iCAP Archer Warnings,12
WI,BOP Violations,13
WI,Submitted DEA 106/107,14
WI,Day 14 Returns,15
WI,Production Accuracy Scan,16
WI,Rx StrongPak Compliance,17
WI,IMZ e-Kit Compliance,18
WI,Cycle Count,19
WI,Zipline,20
WI,Prescription Elements,21
WI,Late Unreconciled Count Completion,22
WI,Late Ins,23
WI,Drug Disposal Documentation,24
WV,CII State Count Completed Late,1
WV,Late Unreconciled Count Completion,2
WV,Compliance & Regulatory Training,3
WV,Scans & Submissions: Document Accuracy,4
WV,Scans & Submissions: Missed Document,5
WV,CII Check-In Timeliness,6
WV,CIII-V & PSE Check-In Timeliness,7
WV,Carry Over %,8
WV,TempAlert Twice Daily Checklist Completion,9
WV,Inmar Returns,10
WV,Zipline,11
WV,BOP Settlement Agreements,12
WV,BOP iCAP Archer Warnings,13
WV,BOP Violations,14
WV,Submitted DEA 106/107,15
WV,Day 14 Returns,16
WV,Production Accuracy Scan,17
WV,Rx StrongPak Compliance,18
WV,IMZ e-Kit Compliance,19
WV,Cycle Count,20
WV,Zipline,21
WV,Prescription Elements,22
WV,Late Ins,23
WV,Drug Disposal Documentation,24
WY,Compliance & Regulatory Training,1
WY,Scans & Submissions: Document Accuracy,2
WY,Scans & Submissions: Missed Document,3
WY,CII Check-In Timeliness,4
WY,CIII-V & PSE Check-In Timeliness,5
WY,Carry Over %,6
WY,CII State Count Completed Late,7
WY,TempAlert Twice Daily Checklist Completion,8
WY,Inmar Returns,9
WY,Zipline,10
WY,BOP Settlement Agreements,11
WY,BOP iCAP Archer Warnings,12
WY,BOP Violations,13
WY,Submitted DEA 106/107,14
WY,Day 14 Returns,15
WY,Production Accuracy Scan,16
WY,Rx StrongPak Compliance,17
WY,IMZ e-Kit Compliance,18
WY,Cycle Count,19
WY,Zipline,20
WY,Prescription Elements,21
WY,Late Unreconciled Count Completion,22
WY,Late Ins,23
WY,Drug Disposal Documentation,24
